Workbook

Sheet Report
A1: Vehicle Status | management report
A3: AAOS-first reuse MVP / DAR-SDV-VS-001 v1.1 / proposal for approval
A4: Change blue cells on Inputs. This report recalculates in Excel; scope stays fixed.
A6: REDUCED DEMO / WEEK | C6: FULL MVP / WEEK | F6: WITH RESERVE / WEEK
A7: =IF(Plan!I20="","BLOCKED",Plan!I13) -> 8 | C7: =IF(Plan!I20="","BLOCKED",Plan!I17) -> 18 | F7: =IF(Plan!I20="","BLOCKED",Plan!I17+Inputs!C22) -> 20
A10: =IF(Plan!I20="","Forecast blocked. Fix the highlighted inputs before using dates.","Selected team: "&Inputs!C5&" developers ("&Inputs!C7&" experienced + "&Inputs!C6&" junior). Full-scope work remains "&TEXT((Plan!C20+Plan!D20)*Inputs!C24,"0")&" accepted-work hours. Timing changes; acceptance requirements do not.") -> Selected team: 2 developers (1 experienced + 1 junior). Full-scope work remains 828 accepted-work hours. Timing changes; acceptance requirements do not.
A13: FORECAST CHECKPOINTS
A14: Checkpoint | C14: End week | D14: Approx. finish | F14: Target week | G14: Variance | H14: Schedule
A15: Recovery / Gate A | C15: =IF(Plan!I20="","",Plan!I9) -> 2 | D15: =IF(C15="","",Inputs!C19+ROUNDUP(C15*Inputs!C25,0)-1) -> 46292 | F15: - | G15: - | H15: Forecast
A16: Core / Gate B | C16: =IF(Plan!I20="","",Plan!I11) -> 5 | D16: =IF(C16="","",Inputs!C19+ROUNDUP(C16*Inputs!C25,0)-1) -> 46313 | F16: - | G16: - | H16: Forecast
A17: Reduced demo | C17: =IF(Plan!I20="","",Plan!I13) -> 8 | D17: =IF(C17="","",Inputs!C19+ROUNDUP(C17*Inputs!C25,0)-1) -> 46334 | F17: =Inputs!C20 -> 8 | G17: =IF(C17="","",C17-F17) -> 0 | H17: =IF(C17="","BLOCKED",IF(C17>F17,"LATE","WITHIN")) -> WITHIN
A18: Full MVP / Gate C | C18: =IF(Plan!I20="","",Plan!I17) -> 18 | D18: =IF(C18="","",Inputs!C19+ROUNDUP(C18*Inputs!C25,0)-1) -> 46404 | F18: =Inputs!C21 -> 18 | G18: =IF(C18="","",C18-F18) -> 0 | H18: =IF(C18="","BLOCKED",IF(C18>F18,"LATE","WITHIN")) -> WITHIN
A19: With reserve | C19: =IF(Plan!I20="","",Plan!I17+Inputs!C22) -> 20 | D19: =IF(C19="","",Inputs!C19+ROUNDUP(C19*Inputs!C25,0)-1) -> 46418 | F19: - | G19: - | H19: Forecast
A21: SCOPE AND DECISION
A22: Reduced demo | C22: Mapping A -> same core -> MQTT/TLS -> receiver receipt. No full-reuse, durable-crash-recovery or remote-configuration claim yet.
A24: Full MVP | C24: Mappings A/B + MQTT/HTTPS; bounded durable recovery; one authorized profile update; S1-S6; frozen core and target-port design. Not an AAOS SDV runtime port.
A27: Staffing envelope | C27: =IF(Plan!I20="","",Plan!I17*Inputs!C31) -> 1440 | F27: =IF(Plan!I20="","",(Plan!I17+Inputs!C22)*Inputs!C31) -> 1600
A29: =IF(Plan!I20="","Decision: correct blocked assumptions first.","Decision requested: approve recovery only ("&TEXT(Plan!H9,"0.0")&" active weeks; "&TEXT(Plan!I9,"0.0")&" elapsed weeks including waits). Re-estimate at Gate A before committing to the remaining forecast.") -> Decision requested: approve recovery only (2.0 active weeks; 2.0 elapsed weeks including waits). Re-estimate at Gate A before committing to the remaining forecast.
A32: Forecast is not approval or evidence. Dates use elapsed calendar weeks; availability and waits must reflect real access, leave and assignments. All full-MVP cases still require a recorded pass. Scope/detail: companion short DAR.
A35: Model check | C35: =IF(OR(Inputs!C32<>"OK",COUNT(Plan!I9:I17)<>9,COUNTIF(Plan!T9:T17,"BLOCKED")>0),"BLOCKED - review Inputs / Plan",IF(ABS(Scenarios!F9-Plan!I17)>0.000001,"ERROR - scenario mismatch","OK - formula consistency; estimates need review")) -> OK - formula consistency; estimates need review

Sheet Inputs
A1: Change the team, not the report
A3: Edit blue cells. Black cells calculate. Default team: 1 experienced developer + 1 intern/fresher.
A4: 1 TEAM
A5: Total developers | C5: 2 | E5: Changing 2 to 3 adds one experienced developer unless the junior count also changes.
A6: Intern / fresher count | C6: 1 | E6: Must be smaller than total developers. At least one experienced developer is required.
A7: Experienced developer count | C7: =C5-C6 -> 1 | E7: Total minus intern/fresher count. Assumes suitable AAOS/core skills.
A8: Paid hours per person / week | C8: 40 | E8: Nominal time; not all time becomes accepted delivery work.
A9: Experienced allocation | C9: 1 | E9: Share of working time assigned to this project.
A10: Junior allocation | C10: 1 | E10: Set below 100% for part-time internship or other assignments.
A11: 2 USABLE CAPACITY
A12: Experienced usable time, before mentoring | C12: 0.85 | E12: 85% of allocated time. The remaining 15% covers coordination and environment/support.
A13: Junior accepted work rate, after recovery | C13: 0.6 | E13: 60% of allocated time; includes tests and evidence accepted after review.
A14: Junior accepted work rate, during recovery | C14: 0.3 | E14: Lower rate applies to the whole recovery phase, not a fixed number of weeks.
A15: Mentoring hours per allocated junior / week | C15: 6 | E15: Deducted once from the experienced pool; ordinary PR review stays inside work estimates.
A16: Maximum experienced contributors per phase | C16: 2 | E16: Caps useful parallel work. More staff do not automatically remove sequence or review limits.
A17: Maximum junior contributors per phase | C17: 2 | E17: Caps parallel support work. These contributor caps are proposed controls.
A18: 3 CALENDAR AND FORECAST
A19: Planning start date | C19: 46279 | E19: Illustrative start only. Replace with an approved start after access is ready.
A20: Desired reduced-demo week | C20: 8 | E20: A comparison target, not a formula override or promise.
A21: Desired full-MVP week | C21: 18 | E21: A comparison target, not a formula override or promise.
A22: Sponsor-controlled reserve (weeks) | C22: 2 | E22: Added after the base forecast. Does not buy extra features.
A23: Schedule rounding step (weeks) | C23: 0.5 | E23: Rounds each phase upward. Use 0.5 or 1 week.
A24: Work estimate multiplier | C24: 1 | E24: 1.00 = source workload. 1.20 models 20% more work; does not change scope.
A25: Calendar days per elapsed week | C25: 7 | E25: Calendar dates are approximate elapsed-week dates, not a holiday-aware workday schedule.
A26: 4 CALCULATED CAPACITY
A27: Experienced pool: delivery hours / week | C27: =MAX(0,C7*C8*C9*C12-C6*C10*C15) -> 28 | E27: Before the per-phase contributor and senior-critical caps.
A28: Experienced: delivery hours per person | C28: =IF(C7>0,C27/C7,0) -> 28 | E28: Mentoring is shared across the experienced pool.
A29: Junior: hours per person after recovery | C29: =C8*C10*C13 -> 24 | E29: Used for phases P2-P9.
A30: Junior: hours per person during recovery | C30: =C8*C10*C14 -> 12 | E30: Used for phase P1 only.
A31: Nominal allocated team hours / week | C31: =C8*(C7*C9+C6*C10) -> 80 | E31: Staffed/allocated hours, not accepted work. Used for the staffing envelope.
A32: Input validation | C32: =IF(OR(C5<1,C5<>INT(C5),C6<0,C6<>INT(C6),C6>=C5,C8<=0,C9<=0,C9>1,C10<0,C10>1,C12<=0,C12>1,C13<0,C13>1,C14<0,C14>1,C15<0,C16<1,C16<>INT(C16),C17<0,C17<>INT(C17),C19<1,C20<=0,C21<=0,C22<0,AND(C23<>0.5,C23<>1),C24<=0,C27<=0),"BLOCKED","OK") -> OK | E32: If BLOCKED, correct the inputs before using any forecast.
A34: No overtime, new production backend, independent security reviewer or completed AAOS SDV runtime port is assumed. Role changes alter the forecast, not the approved scope.

Sheet Plan
A1: Delivery plan | same scope, variable team
A3: Blue cells are editable work estimates and scheduling controls. Phases run in order; expert/support work can overlap inside each phase.
A5: Forecast only. Pass evidence must be reviewed at the gate; a calculated finish date never means that a test passed. Expert = experienced developer. Support = work a junior can do under review.
A8: ID | B8: Phase | C8: Expert-only work (h) | D8: Support work (h) | E8: Minimum weeks | F8: Expert lead slots | G8: Waiting weeks | H8: Duration weeks | I8: Finish week | J8: Finish date | K8: Checkpoint | L8: Required evidence | N8: Junior pool h/w | O8: Expert critical h/w | P8: Expert total h/w | Q8: Combined h/w | R8: Raw duration | S8: Start offset weeks | T8: Phase input check
A9: P1 | B9: Recover the AAOS PoC | C9: 56 | D9: 24 | E9: 2 | F9: 1 | G9: 0 | H9: =IF(NOT(ISNUMBER(R9)),"",ROUNDUP(R9/Inputs!$C$23,0)*Inputs!$C$23) -> 2 | I9: =IF(OR(NOT(ISNUMBER(H9)),NOT(ISNUMBER(S9))),"",S9+H9) -> 2 | J9: =IF(I9="","",Inputs!$C$19+ROUNDUP(I9*Inputs!$C$25,0)-1) -> 46292 | K9: Gate A | L9: Build, data access, dependencies, target risks and revised estimate. | N9: =MIN(Inputs!$C$6,Inputs!$C$17)*Inputs!$C$30 -> 12 | O9: =MIN(Inputs!$C$7,Inputs!$C$16,F9)*Inputs!$C$28 -> 28 | P9: =MIN(Inputs!$C$7,Inputs!$C$16)*Inputs!$C$28 -> 28 | Q9: =N9+P9 -> 40 | R9: =IF(OR(Inputs!$C$32<>"OK",T9<>"OK"),"",MAX(E9,C9*Inputs!$C$24/O9,(C9+D9)*Inputs!$C$24/Q9)) -> 2 | S9: =IF(OR(Inputs!$C$32<>"OK",T9<>"OK"),"",G9) -> 0 | T9: =IF(OR(C9<0,D9<0,E9<0,F9<1,F9<>INT(F9),G9<0),"BLOCKED","OK") -> OK
A10: P2 | B10: Define contract and core | C10: 56 | D10: 48 | E10: 1 | F10: 2 | G10: 0 | H10: =IF(NOT(ISNUMBER(R10)),"",ROUNDUP(R10/Inputs!$C$23,0)*Inputs!$C$23) -> 2 | I10: =IF(OR(NOT(ISNUMBER(H10)),NOT(ISNUMBER(S10))),"",S10+H10) -> 4 | J10: =IF(I10="","",Inputs!$C$19+ROUNDUP(I10*Inputs!$C$25,0)-1) -> 46306 | K10: Core foundation | L10: Agree signal meaning, triggers and ports; prepare deterministic tests. | N10: =MIN(Inputs!$C$6,Inputs!$C$17)*Inputs!$C$29 -> 24 | O10: =MIN(Inputs!$C$7,Inputs!$C$16,F10)*Inputs!$C$28 -> 28 | P10: =MIN(Inputs!$C$7,Inputs!$C$16)*Inputs!$C$28 -> 28 | Q10: =N10+P10 -> 52 | R10: =IF(OR(Inputs!$C$32<>"OK",T10<>"OK"),"",MAX(E10,C10*Inputs!$C$24/O10,(C10+D10)*Inputs!$C$24/Q10)) -> 2 | S10: =IF(OR(Inputs!$C$32<>"OK",T10<>"OK",I9=""),"",I9+G10) -> 2 | T10: =IF(OR(C10<0,D10<0,E10<0,F10<1,F10<>INT(F10),G10<0),"BLOCKED","OK") -> OK
A11: P3 | B11: Approve the portable core | C11: 28 | D11: 24 | E11: 1 | F11: 1 | G11: 0 | H11: =IF(NOT(ISNUMBER(R11)),"",ROUNDUP(R11/Inputs!$C$23,0)*Inputs!$C$23) -> 1 | I11: =IF(OR(NOT(ISNUMBER(H11)),NOT(ISNUMBER(S11))),"",S11+H11) -> 5 | J11: =IF(I11="","",Inputs!$C$19+ROUNDUP(I11*Inputs!$C$25,0)-1) -> 46313 | K11: Gate B | L11: S1-S2 pass; same-core host build; no Android/provider types in core. | N11: =MIN(Inputs!$C$6,Inputs!$C$17)*Inputs!$C$29 -> 24 | O11: =MIN(Inputs!$C$7,Inputs!$C$16,F11)*Inputs!$C$28 -> 28 | P11: =MIN(Inputs!$C$7,Inputs!$C$16)*Inputs!$C$28 -> 28 | Q11: =N11+P11 -> 52 | R11: =IF(OR(Inputs!$C$32<>"OK",T11<>"OK"),"",MAX(E11,C11*Inputs!$C$24/O11,(C11+D11)*Inputs!$C$24/Q11)) -> 1 | S11: =IF(OR(Inputs!$C$32<>"OK",T11<>"OK",I10=""),"",I10+G11) -> 4 | T11: =IF(OR(C11<0,D11<0,E11<0,F11<1,F11<>INT(F11),G11<0),"BLOCKED","OK") -> OK
A12: P4 | B12: Bind the AAOS adapters | C12: 28 | D12: 24 | E12: 1 | F12: 1 | G12: 0 | H12: =IF(NOT(ISNUMBER(R12)),"",ROUNDUP(R12/Inputs!$C$23,0)*Inputs!$C$23) -> 1 | I12: =IF(OR(NOT(ISNUMBER(H12)),NOT(ISNUMBER(S12))),"",S12+H12) -> 6 | J12: =IF(I12="","",Inputs!$C$19+ROUNDUP(I12*Inputs!$C$25,0)-1) -> 46320 | K12: AAOS integration | L12: Vehicle reads, lifecycle, permissions and mapping A use the core. | N12: =MIN(Inputs!$C$6,Inputs!$C$17)*Inputs!$C$29 -> 24 | O12: =MIN(Inputs!$C$7,Inputs!$C$16,F12)*Inputs!$C$28 -> 28 | P12: =MIN(Inputs!$C$7,Inputs!$C$16)*Inputs!$C$28 -> 28 | Q12: =N12+P12 -> 52 | R12: =IF(OR(Inputs!$C$32<>"OK",T12<>"OK"),"",MAX(E12,C12*Inputs!$C$24/O12,(C12+D12)*Inputs!$C$24/Q12)) -> 1 | S12: =IF(OR(Inputs!$C$32<>"OK",T12<>"OK",I11=""),"",I11+G12) -> 5 | T12: =IF(OR(C12<0,D12<0,E12<0,F12<1,F12<>INT(F12),G12<0),"BLOCKED","OK") -> OK
A13: P5 | B13: Demonstrate MQTT path | C13: 56 | D13: 36 | E13: 1 | F13: 2 | G13: 0 | H13: =IF(NOT(ISNUMBER(R13)),"",ROUNDUP(R13/Inputs!$C$23,0)*Inputs!$C$23) -> 2 | I13: =IF(OR(NOT(ISNUMBER(H13)),NOT(ISNUMBER(S13))),"",S13+H13) -> 8 | J13: =IF(I13="","",Inputs!$C$19+ROUNDUP(I13*Inputs!$C$25,0)-1) -> 46334 | K13: Reduced demo | L13: Mapping A -> core -> MQTT/TLS -> receiver receipt. Downlink stays off. | N13: =MIN(Inputs!$C$6,Inputs!$C$17)*Inputs!$C$29 -> 24 | O13: =MIN(Inputs!$C$7,Inputs!$C$16,F13)*Inputs!$C$28 -> 28 | P13: =MIN(Inputs!$C$7,Inputs!$C$16)*Inputs!$C$28 -> 28 | Q13: =N13+P13 -> 52 | R13: =IF(OR(Inputs!$C$32<>"OK",T13<>"OK"),"",MAX(E13,C13*Inputs!$C$24/O13,(C13+D13)*Inputs!$C$24/Q13)) -> 2 | S13: =IF(OR(Inputs!$C$32<>"OK",T13<>"OK",I12=""),"",I12+G13) -> 6 | T13: =IF(OR(C13<0,D13<0,E13<0,F13<1,F13<>INT(F13),G13<0),"BLOCKED","OK") -> OK
A14: P6 | B14: Prove HTTPS replacement | C14: 56 | D14: 40 | E14: 1 | F14: 2 | G14: 0 | H14: =IF(NOT(ISNUMBER(R14)),"",ROUNDUP(R14/Inputs!$C$23,0)*Inputs!$C$23) -> 2 | I14: =IF(OR(NOT(ISNUMBER(H14)),NOT(ISNUMBER(S14))),"",S14+H14) -> 10 | J14: =IF(I14="","",Inputs!$C$19+ROUNDUP(I14*Inputs!$C$25,0)-1) -> 46348 | K14: S3 | L14: Both paths preserve canonical data, IDs, decisions and receipt meaning. | N14: =MIN(Inputs!$C$6,Inputs!$C$17)*Inputs!$C$29 -> 24 | O14: =MIN(Inputs!$C$7,Inputs!$C$16,F14)*Inputs!$C$28 -> 28 | P14: =MIN(Inputs!$C$7,Inputs!$C$16)*Inputs!$C$28 -> 28 | Q14: =N14+P14 -> 52 | R14: =IF(OR(Inputs!$C$32<>"OK",T14<>"OK"),"",MAX(E14,C14*Inputs!$C$24/O14,(C14+D14)*Inputs!$C$24/Q14)) -> 2 | S14: =IF(OR(Inputs!$C$32<>"OK",T14<>"OK",I13=""),"",I13+G14) -> 8 | T14: =IF(OR(C14<0,D14<0,E14<0,F14<1,F14<>INT(F14),G14<0),"BLOCKED","OK") -> OK
A15: P7 | B15: Prove offline recovery | C15: 84 | D15: 56 | E15: 2 | F15: 2 | G15: 0 | H15: =IF(NOT(ISNUMBER(R15)),"",ROUNDUP(R15/Inputs!$C$23,0)*Inputs!$C$23) -> 3 | I15: =IF(OR(NOT(ISNUMBER(H15)),NOT(ISNUMBER(S15))),"",S15+H15) -> 13 | J15: =IF(I15="","",Inputs!$C$19+ROUNDUP(I15*Inputs!$C$25,0)-1) -> 46369 | K15: S4 | L15: Bounded durable queue; crash/restart; retry, expiry and loss accounting. | N15: =MIN(Inputs!$C$6,Inputs!$C$17)*Inputs!$C$29 -> 24 | O15: =MIN(Inputs!$C$7,Inputs!$C$16,F15)*Inputs!$C$28 -> 28 | P15: =MIN(Inputs!$C$7,Inputs!$C$16)*Inputs!$C$28 -> 28 | Q15: =N15+P15 -> 52 | R15: =IF(OR(Inputs!$C$32<>"OK",T15<>"OK"),"",MAX(E15,C15*Inputs!$C$24/O15,(C15+D15)*Inputs!$C$24/Q15)) -> 3 | S15: =IF(OR(Inputs!$C$32<>"OK",T15<>"OK",I14=""),"",I14+G15) -> 10 | T15: =IF(OR(C15<0,D15<0,E15<0,F15<1,F15<>INT(F15),G15<0),"BLOCKED","OK") -> OK
A16: P8 | B16: Secure one configuration | C16: 48 | D16: 30 | E16: 1 | F16: 1 | G16: 0 | H16: =IF(NOT(ISNUMBER(R16)),"",ROUNDUP(R16/Inputs!$C$23,0)*Inputs!$C$23) -> 2 | I16: =IF(OR(NOT(ISNUMBER(H16)),NOT(ISNUMBER(S16))),"",S16+H16) -> 15 | J16: =IF(I16="","",Inputs!$C$19+ROUNDUP(I16*Inputs!$C$25,0)-1) -> 46383 | K16: S5 | L16: Authorized profile update; reject replay/bad input; no vehicle writes. | N16: =MIN(Inputs!$C$6,Inputs!$C$17)*Inputs!$C$29 -> 24 | O16: =MIN(Inputs!$C$7,Inputs!$C$16,F16)*Inputs!$C$28 -> 28 | P16: =MIN(Inputs!$C$7,Inputs!$C$16)*Inputs!$C$28 -> 28 | Q16: =N16+P16 -> 52 | R16: =IF(OR(Inputs!$C$32<>"OK",T16<>"OK"),"",MAX(E16,C16*Inputs!$C$24/O16,(C16+D16)*Inputs!$C$24/Q16)) -> 1.7142857 | S16: =IF(OR(Inputs!$C$32<>"OK",T16<>"OK",I15=""),"",I15+G16) -> 13 | T16: =IF(OR(C16<0,D16<0,E16<0,F16<1,F16<>INT(F16),G16<0),"BLOCKED","OK") -> OK
A17: P9 | B17: Prove reuse and hand over | C17: 64 | D17: 70 | E17: 2 | F17: 2 | G17: 0 | H17: =IF(NOT(ISNUMBER(R17)),"",ROUNDUP(R17/Inputs!$C$23,0)*Inputs!$C$23) -> 3 | I17: =IF(OR(NOT(ISNUMBER(H17)),NOT(ISNUMBER(S17))),"",S17+H17) -> 18 | J17: =IF(I17="","",Inputs!$C$19+ROUNDUP(I17*Inputs!$C$25,0)-1) -> 46404 | K17: Gate C / D-Design | L17: A/B x MQTT/HTTPS; S1-S6; freeze, runbook and substantiated port design. | N17: =MIN(Inputs!$C$6,Inputs!$C$17)*Inputs!$C$29 -> 24 | O17: =MIN(Inputs!$C$7,Inputs!$C$16,F17)*Inputs!$C$28 -> 28 | P17: =MIN(Inputs!$C$7,Inputs!$C$16)*Inputs!$C$28 -> 28 | Q17: =N17+P17 -> 52 | R17: =IF(OR(Inputs!$C$32<>"OK",T17<>"OK"),"",MAX(E17,C17*Inputs!$C$24/O17,(C17+D17)*Inputs!$C$24/Q17)) -> 2.5769231 | S17: =IF(OR(Inputs!$C$32<>"OK",T17<>"OK",I16=""),"",I16+G17) -> 15 | T17: =IF(OR(C17<0,D17<0,E17<0,F17<1,F17<>INT(F17),G17<0),"BLOCKED","OK") -> OK
B20: BASE TOTAL | C20: =SUM(C9:C17) -> 476 | D20: =SUM(D9:D17) -> 352 | G20: =SUM(G9:G17) -> 0 | H20: =SUM(H9:H17) -> 18 | I20: =IF(OR(Inputs!C32<>"OK",COUNT(I9:I17)<>9),"",I17) -> 18 | J20: =IF(I20="","",J17) -> 46404
A22: Work is not the same as staffed time. Default estimates total 828 accepted-work hours; nominal staffing includes mentoring, learning, coordination and capacity that cannot always be used on the critical path.
A25: Phase duration = round up the largest of: minimum weeks, expert-only work / expert lead capacity, or all work / combined capacity. Waits are then added. Expert capacity can cover support work without being counted twice.
A28: Source: DAR v1.0, sections 12-20B. P3/P4 split the W5-W6 source workload equally. Expert lead slots, minimum weeks, parallel caps, rounding and waiting controls are proposed model assumptions. All estimates need Gate A review.

Sheet Scenarios
A1: Compare team sizes
A3: The scope and work estimates stay the same. Scenarios use all other current Inputs and Plan assumptions.
A5: The first row follows Inputs. Other rows are editable examples, not staffing recommendations. A larger junior team can increase the senior mentoring load and delay expert-critical work.
A8: Scenario | B8: Experienced | C8: Junior | D8: Total | E8: Demo week | F8: Full MVP week | G8: With reserve week | H8: Nominal allocated hours | I8: Interpretation
A9: Current inputs | B9: =Inputs!C7 -> 1 | C9: =Inputs!C6 -> 1 | D9: =B9+C9 -> 2 | E9: =IF(J9<>"OK","",SUM(O9:S9)+SUM(Plan!$G$9:$G$13)) -> 8 | F9: =IF(J9<>"OK","",SUM(O9:W9)+SUM(Plan!$G$9:$G$17)) -> 18 | G9: =IF(F9="","",F9+Inputs!$C$22) -> 20 | H9: =IF(F9="","",F9*Inputs!$C$8*(B9*Inputs!$C$9+C9*Inputs!$C$10)) -> 1440 | I9: Live forecast for the selected team. | J9: =IF(OR(Inputs!$C$32<>"OK",B9<1,B9<>INT(B9),C9<0,C9<>INT(C9),K9<=0,COUNTIF(Plan!$T$9:$T$17,"BLOCKED")>0),"BLOCKED","OK") -> OK | K9: =MAX(0,B9*Inputs!$C$8*Inputs!$C$9*Inputs!$C$12-C9*Inputs!$C$10*Inputs!$C$15) -> 28 | L9: =IF(B9>0,K9/B9,0) -> 28 | M9: =MIN(C9,Inputs!$C$17)*Inputs!$C$29 -> 24 | N9: =MIN(C9,Inputs!$C$17)*Inputs!$C$30 -> 12 | O9: =IF(J9<>"OK","",ROUNDUP(MAX(Plan!$E$9,Plan!$C$9*Inputs!$C$24/(MIN(B9,Inputs!$C$16,Plan!$F$9)*L9),(Plan!$C$9+Plan!$D$9)*Inputs!$C$24/(MIN(B9,Inputs!$C$16)*L9+N9))/Inputs!$C$23,0)*Inputs!$C$23) -> 2 | P9: =IF(J9<>"OK","",ROUNDUP(MAX(Plan!$E$10,Plan!$C$10*Inputs!$C$24/(MIN(B9,Inputs!$C$16,Plan!$F$10)*L9),(Plan!$C$10+Plan!$D$10)*Inputs!$C$24/(MIN(B9,Inputs!$C$16)*L9+M9))/Inputs!$C$23,0)*Inputs!$C$23) -> 2 | Q9: =IF(J9<>"OK","",ROUNDUP(MAX(Plan!$E$11,Plan!$C$11*Inputs!$C$24/(MIN(B9,Inputs!$C$16,Plan!$F$11)*L9),(Plan!$C$11+Plan!$D$11)*Inputs!$C$24/(MIN(B9,Inputs!$C$16)*L9+M9))/Inputs!$C$23,0)*Inputs!$C$23) -> 1 | R9: =IF(J9<>"OK","",ROUNDUP(MAX(Plan!$E$12,Plan!$C$12*Inputs!$C$24/(MIN(B9,Inputs!$C$16,Plan!$F$12)*L9),(Plan!$C$12+Plan!$D$12)*Inputs!$C$24/(MIN(B9,Inputs!$C$16)*L9+M9))/Inputs!$C$23,0)*Inputs!$C$23) -> 1 | S9: =IF(J9<>"OK","",ROUNDUP(MAX(Plan!$E$13,Plan!$C$13*Inputs!$C$24/(MIN(B9,Inputs!$C$16,Plan!$F$13)*L9),(Plan!$C$13+Plan!$D$13)*Inputs!$C$24/(MIN(B9,Inputs!$C$16)*L9+M9))/Inputs!$C$23,0)*Inputs!$C$23) -> 2 | T9: =IF(J9<>"OK","",ROUNDUP(MAX(Plan!$E$14,Plan!$C$14*Inputs!$C$24/(MIN(B9,Inputs!$C$16,Plan!$F$14)*L9),(Plan!$C$14+Plan!$D$14)*Inputs!$C$24/(MIN(B9,Inputs!$C$16)*L9+M9))/Inputs!$C$23,0)*Inputs!$C$23) -> 2 | U9: =IF(J9<>"OK","",ROUNDUP(MAX(Plan!$E$15,Plan!$C$15*Inputs!$C$24/(MIN(B9,Inputs!$C$16,Plan!$F$15)*L9),(Plan!$C$15+Plan!$D$15)*Inputs!$C$24/(MIN(B9,Inputs!$C$16)*L9+M9))/Inputs!$C$23,0)*Inputs!$C$23) -> 3 | V9: =IF(J9<>"OK","",ROUNDUP(MAX(Plan!$E$16,Plan!$C$16*Inputs!$C$24/(MIN(B9,Inputs!$C$16,Plan!$F$16)*L9),(Plan!$C$16+Plan!$D$16)*Inputs!$C$24/(MIN(B9,Inputs!$C$16)*L9+M9))/Inputs!$C$23,0)*Inputs!$C$23) -> 2 | W9: =IF(J9<>"OK","",ROUNDUP(MAX(Plan!$E$17,Plan!$C$17*Inputs!$C$24/(MIN(B9,Inputs!$C$16,Plan!$F$17)*L9),(Plan!$C$17+Plan!$D$17)*Inputs!$C$24/(MIN(B9,Inputs!$C$16)*L9+M9))/Inputs!$C$23,0)*Inputs!$C$23) -> 3
A10: =D10&" developers" -> 2 developers | B10: 1 | C10: 1 | D10: =B10+C10 -> 2 | E10: =IF(J10<>"OK","",SUM(O10:S10)+SUM(Plan!$G$9:$G$13)) -> 8 | F10: =IF(J10<>"OK","",SUM(O10:W10)+SUM(Plan!$G$9:$G$17)) -> 18 | G10: =IF(F10="","",F10+Inputs!$C$22) -> 20 | H10: =IF(F10="","",F10*Inputs!$C$8*(B10*Inputs!$C$9+C10*Inputs!$C$10)) -> 1440 | I10: Editable comparison; role mix is shown in columns B-C. | J10: =IF(OR(Inputs!$C$32<>"OK",B10<1,B10<>INT(B10),C10<0,C10<>INT(C10),K10<=0,COUNTIF(Plan!$T$9:$T$17,"BLOCKED")>0),"BLOCKED","OK") -> OK | K10: =MAX(0,B10*Inputs!$C$8*Inputs!$C$9*Inputs!$C$12-C10*Inputs!$C$10*Inputs!$C$15) -> 28 | L10: =IF(B10>0,K10/B10,0) -> 28 | M10: =MIN(C10,Inputs!$C$17)*Inputs!$C$29 -> 24 | N10: =MIN(C10,Inputs!$C$17)*Inputs!$C$30 -> 12 | O10: =IF(J10<>"OK","",ROUNDUP(MAX(Plan!$E$9,Plan!$C$9*Inputs!$C$24/(MIN(B10,Inputs!$C$16,Plan!$F$9)*L10),(Plan!$C$9+Plan!$D$9)*Inputs!$C$24/(MIN(B10,Inputs!$C$16)*L10+N10))/Inputs!$C$23,0)*Inputs!$C$23) -> 2 | P10: =IF(J10<>"OK","",ROUNDUP(MAX(Plan!$E$10,Plan!$C$10*Inputs!$C$24/(MIN(B10,Inputs!$C$16,Plan!$F$10)*L10),(Plan!$C$10+Plan!$D$10)*Inputs!$C$24/(MIN(B10,Inputs!$C$16)*L10+M10))/Inputs!$C$23,0)*Inputs!$C$23) -> 2 | Q10: =IF(J10<>"OK","",ROUNDUP(MAX(Plan!$E$11,Plan!$C$11*Inputs!$C$24/(MIN(B10,Inputs!$C$16,Plan!$F$11)*L10),(Plan!$C$11+Plan!$D$11)*Inputs!$C$24/(MIN(B10,Inputs!$C$16)*L10+M10))/Inputs!$C$23,0)*Inputs!$C$23) -> 1 | R10: =IF(J10<>"OK","",ROUNDUP(MAX(Plan!$E$12,Plan!$C$12*Inputs!$C$24/(MIN(B10,Inputs!$C$16,Plan!$F$12)*L10),(Plan!$C$12+Plan!$D$12)*Inputs!$C$24/(MIN(B10,Inputs!$C$16)*L10+M10))/Inputs!$C$23,0)*Inputs!$C$23) -> 1 | S10: =IF(J10<>"OK","",ROUNDUP(MAX(Plan!$E$13,Plan!$C$13*Inputs!$C$24/(MIN(B10,Inputs!$C$16,Plan!$F$13)*L10),(Plan!$C$13+Plan!$D$13)*Inputs!$C$24/(MIN(B10,Inputs!$C$16)*L10+M10))/Inputs!$C$23,0)*Inputs!$C$23) -> 2 | T10: =IF(J10<>"OK","",ROUNDUP(MAX(Plan!$E$14,Plan!$C$14*Inputs!$C$24/(MIN(B10,Inputs!$C$16,Plan!$F$14)*L10),(Plan!$C$14+Plan!$D$14)*Inputs!$C$24/(MIN(B10,Inputs!$C$16)*L10+M10))/Inputs!$C$23,0)*Inputs!$C$23) -> 2 | U10: =IF(J10<>"OK","",ROUNDUP(MAX(Plan!$E$15,Plan!$C$15*Inputs!$C$24/(MIN(B10,Inputs!$C$16,Plan!$F$15)*L10),(Plan!$C$15+Plan!$D$15)*Inputs!$C$24/(MIN(B10,Inputs!$C$16)*L10+M10))/Inputs!$C$23,0)*Inputs!$C$23) -> 3 | V10: =IF(J10<>"OK","",ROUNDUP(MAX(Plan!$E$16,Plan!$C$16*Inputs!$C$24/(MIN(B10,Inputs!$C$16,Plan!$F$16)*L10),(Plan!$C$16+Plan!$D$16)*Inputs!$C$24/(MIN(B10,Inputs!$C$16)*L10+M10))/Inputs!$C$23,0)*Inputs!$C$23) -> 2 | W10: =IF(J10<>"OK","",ROUNDUP(MAX(Plan!$E$17,Plan!$C$17*Inputs!$C$24/(MIN(B10,Inputs!$C$16,Plan!$F$17)*L10),(Plan!$C$17+Plan!$D$17)*Inputs!$C$24/(MIN(B10,Inputs!$C$16)*L10+M10))/Inputs!$C$23,0)*Inputs!$C$23) -> 3
A11: =D11&" developers" -> 3 developers | B11: 2 | C11: 1 | D11: =B11+C11 -> 3 | E11: =IF(J11<>"OK","",SUM(O11:S11)+SUM(Plan!$G$9:$G$13)) -> 7 | F11: =IF(J11<>"OK","",SUM(O11:W11)+SUM(Plan!$G$9:$G$17)) -> 14.5 | G11: =IF(F11="","",F11+Inputs!$C$22) -> 16.5 | H11: =IF(F11="","",F11*Inputs!$C$8*(B11*Inputs!$C$9+C11*Inputs!$C$10)) -> 1740 | I11: Expert lead capacity and support work both constrain the forecast. | J11: =IF(OR(Inputs!$C$32<>"OK",B11<1,B11<>INT(B11),C11<0,C11<>INT(C11),K11<=0,COUNTIF(Plan!$T$9:$T$17,"BLOCKED")>0),"BLOCKED","OK") -> OK | K11: =MAX(0,B11*Inputs!$C$8*Inputs!$C$9*Inputs!$C$12-C11*Inputs!$C$10*Inputs!$C$15) -> 62 | L11: =IF(B11>0,K11/B11,0) -> 31 | M11: =MIN(C11,Inputs!$C$17)*Inputs!$C$29 -> 24 | N11: =MIN(C11,Inputs!$C$17)*Inputs!$C$30 -> 12 | O11: =IF(J11<>"OK","",ROUNDUP(MAX(Plan!$E$9,Plan!$C$9*Inputs!$C$24/(MIN(B11,Inputs!$C$16,Plan!$F$9)*L11),(Plan!$C$9+Plan!$D$9)*Inputs!$C$24/(MIN(B11,Inputs!$C$16)*L11+N11))/Inputs!$C$23,0)*Inputs!$C$23) -> 2 | P11: =IF(J11<>"OK","",ROUNDUP(MAX(Plan!$E$10,Plan!$C$10*Inputs!$C$24/(MIN(B11,Inputs!$C$16,Plan!$F$10)*L11),(Plan!$C$10+Plan!$D$10)*Inputs!$C$24/(MIN(B11,Inputs!$C$16)*L11+M11))/Inputs!$C$23,0)*Inputs!$C$23) -> 1.5 | Q11: =IF(J11<>"OK","",ROUNDUP(MAX(Plan!$E$11,Plan!$C$11*Inputs!$C$24/(MIN(B11,Inputs!$C$16,Plan!$F$11)*L11),(Plan!$C$11+Plan!$D$11)*Inputs!$C$24/(MIN(B11,Inputs!$C$16)*L11+M11))/Inputs!$C$23,0)*Inputs!$C$23) -> 1 | R11: =IF(J11<>"OK","",ROUNDUP(MAX(Plan!$E$12,Plan!$C$12*Inputs!$C$24/(MIN(B11,Inputs!$C$16,Plan!$F$12)*L11),(Plan!$C$12+Plan!$D$12)*Inputs!$C$24/(MIN(B11,Inputs!$C$16)*L11+M11))/Inputs!$C$23,0)*Inputs!$C$23) -> 1 | S11: =IF(J11<>"OK","",ROUNDUP(MAX(Plan!$E$13,Plan!$C$13*Inputs!$C$24/(MIN(B11,Inputs!$C$16,Plan!$F$13)*L11),(Plan!$C$13+Plan!$D$13)*Inputs!$C$24/(MIN(B11,Inputs!$C$16)*L11+M11))/Inputs!$C$23,0)*Inputs!$C$23) -> 1.5 | T11: =IF(J11<>"OK","",ROUNDUP(MAX(Plan!$E$14,Plan!$C$14*Inputs!$C$24/(MIN(B11,Inputs!$C$16,Plan!$F$14)*L11),(Plan!$C$14+Plan!$D$14)*Inputs!$C$24/(MIN(B11,Inputs!$C$16)*L11+M11))/Inputs!$C$23,0)*Inputs!$C$23) -> 1.5 | U11: =IF(J11<>"OK","",ROUNDUP(MAX(Plan!$E$15,Plan!$C$15*Inputs!$C$24/(MIN(B11,Inputs!$C$16,Plan!$F$15)*L11),(Plan!$C$15+Plan!$D$15)*Inputs!$C$24/(MIN(B11,Inputs!$C$16)*L11+M11))/Inputs!$C$23,0)*Inputs!$C$23) -> 2 | V11: =IF(J11<>"OK","",ROUNDUP(MAX(Plan!$E$16,Plan!$C$16*Inputs!$C$24/(MIN(B11,Inputs!$C$16,Plan!$F$16)*L11),(Plan!$C$16+Plan!$D$16)*Inputs!$C$24/(MIN(B11,Inputs!$C$16)*L11+M11))/Inputs!$C$23,0)*Inputs!$C$23) -> 2 | W11: =IF(J11<>"OK","",ROUNDUP(MAX(Plan!$E$17,Plan!$C$17*Inputs!$C$24/(MIN(B11,Inputs!$C$16,Plan!$F$17)*L11),(Plan!$C$17+Plan!$D$17)*Inputs!$C$24/(MIN(B11,Inputs!$C$16)*L11+M11))/Inputs!$C$23,0)*Inputs!$C$23) -> 2
A12: =D12&" developers" -> 4 developers | B12: 3 | C12: 1 | D12: =B12+C12 -> 4 | E12: =IF(J12<>"OK","",SUM(O12:S12)+SUM(Plan!$G$9:$G$13)) -> 7 | F12: =IF(J12<>"OK","",SUM(O12:W12)+SUM(Plan!$G$9:$G$17)) -> 14 | G12: =IF(F12="","",F12+Inputs!$C$22) -> 16 | H12: =IF(F12="","",F12*Inputs!$C$8*(B12*Inputs!$C$9+C12*Inputs!$C$10)) -> 2240 | I12: Phase caps and gate time limit further acceleration. | J12: =IF(OR(Inputs!$C$32<>"OK",B12<1,B12<>INT(B12),C12<0,C12<>INT(C12),K12<=0,COUNTIF(Plan!$T$9:$T$17,"BLOCKED")>0),"BLOCKED","OK") -> OK | K12: =MAX(0,B12*Inputs!$C$8*Inputs!$C$9*Inputs!$C$12-C12*Inputs!$C$10*Inputs!$C$15) -> 96 | L12: =IF(B12>0,K12/B12,0) -> 32 | M12: =MIN(C12,Inputs!$C$17)*Inputs!$C$29 -> 24 | N12: =MIN(C12,Inputs!$C$17)*Inputs!$C$30 -> 12 | O12: =IF(J12<>"OK","",ROUNDUP(MAX(Plan!$E$9,Plan!$C$9*Inputs!$C$24/(MIN(B12,Inputs!$C$16,Plan!$F$9)*L12),(Plan!$C$9+Plan!$D$9)*Inputs!$C$24/(MIN(B12,Inputs!$C$16)*L12+N12))/Inputs!$C$23,0)*Inputs!$C$23) -> 2 | P12: =IF(J12<>"OK","",ROUNDUP(MAX(Plan!$E$10,Plan!$C$10*Inputs!$C$24/(MIN(B12,Inputs!$C$16,Plan!$F$10)*L12),(Plan!$C$10+Plan!$D$10)*Inputs!$C$24/(MIN(B12,Inputs!$C$16)*L12+M12))/Inputs!$C$23,0)*Inputs!$C$23) -> 1.5 | Q12: =IF(J12<>"OK","",ROUNDUP(MAX(Plan!$E$11,Plan!$C$11*Inputs!$C$24/(MIN(B12,Inputs!$C$16,Plan!$F$11)*L12),(Plan!$C$11+Plan!$D$11)*Inputs!$C$24/(MIN(B12,Inputs!$C$16)*L12+M12))/Inputs!$C$23,0)*Inputs!$C$23) -> 1 | R12: =IF(J12<>"OK","",ROUNDUP(MAX(Plan!$E$12,Plan!$C$12*Inputs!$C$24/(MIN(B12,Inputs!$C$16,Plan!$F$12)*L12),(Plan!$C$12+Plan!$D$12)*Inputs!$C$24/(MIN(B12,Inputs!$C$16)*L12+M12))/Inputs!$C$23,0)*Inputs!$C$23) -> 1 | S12: =IF(J12<>"OK","",ROUNDUP(MAX(Plan!$E$13,Plan!$C$13*Inputs!$C$24/(MIN(B12,Inputs!$C$16,Plan!$F$13)*L12),(Plan!$C$13+Plan!$D$13)*Inputs!$C$24/(MIN(B12,Inputs!$C$16)*L12+M12))/Inputs!$C$23,0)*Inputs!$C$23) -> 1.5 | T12: =IF(J12<>"OK","",ROUNDUP(MAX(Plan!$E$14,Plan!$C$14*Inputs!$C$24/(MIN(B12,Inputs!$C$16,Plan!$F$14)*L12),(Plan!$C$14+Plan!$D$14)*Inputs!$C$24/(MIN(B12,Inputs!$C$16)*L12+M12))/Inputs!$C$23,0)*Inputs!$C$23) -> 1.5 | U12: =IF(J12<>"OK","",ROUNDUP(MAX(Plan!$E$15,Plan!$C$15*Inputs!$C$24/(MIN(B12,Inputs!$C$16,Plan!$F$15)*L12),(Plan!$C$15+Plan!$D$15)*Inputs!$C$24/(MIN(B12,Inputs!$C$16)*L12+M12))/Inputs!$C$23,0)*Inputs!$C$23) -> 2 | V12: =IF(J12<>"OK","",ROUNDUP(MAX(Plan!$E$16,Plan!$C$16*Inputs!$C$24/(MIN(B12,Inputs!$C$16,Plan!$F$16)*L12),(Plan!$C$16+Plan!$D$16)*Inputs!$C$24/(MIN(B12,Inputs!$C$16)*L12+M12))/Inputs!$C$23,0)*Inputs!$C$23) -> 1.5 | W12: =IF(J12<>"OK","",ROUNDUP(MAX(Plan!$E$17,Plan!$C$17*Inputs!$C$24/(MIN(B12,Inputs!$C$16,Plan!$F$17)*L12),(Plan!$C$17+Plan!$D$17)*Inputs!$C$24/(MIN(B12,Inputs!$C$16)*L12+M12))/Inputs!$C$23,0)*Inputs!$C$23) -> 2
A13: =D13&" developers" -> 2 developers | B13: 2 | C13: 0 | D13: =B13+C13 -> 2 | E13: =IF(J13<>"OK","",SUM(O13:S13)+SUM(Plan!$G$9:$G$13)) -> 7.5 | F13: =IF(J13<>"OK","",SUM(O13:W13)+SUM(Plan!$G$9:$G$17)) -> 15 | G13: =IF(F13="","",F13+Inputs!$C$22) -> 17 | H13: =IF(F13="","",F13*Inputs!$C$8*(B13*Inputs!$C$9+C13*Inputs!$C$10)) -> 1200 | I13: Experienced staff also cover the support workload. | J13: =IF(OR(Inputs!$C$32<>"OK",B13<1,B13<>INT(B13),C13<0,C13<>INT(C13),K13<=0,COUNTIF(Plan!$T$9:$T$17,"BLOCKED")>0),"BLOCKED","OK") -> OK | K13: =MAX(0,B13*Inputs!$C$8*Inputs!$C$9*Inputs!$C$12-C13*Inputs!$C$10*Inputs!$C$15) -> 68 | L13: =IF(B13>0,K13/B13,0) -> 34 | M13: =MIN(C13,Inputs!$C$17)*Inputs!$C$29 -> 0 | N13: =MIN(C13,Inputs!$C$17)*Inputs!$C$30 -> 0 | O13: =IF(J13<>"OK","",ROUNDUP(MAX(Plan!$E$9,Plan!$C$9*Inputs!$C$24/(MIN(B13,Inputs!$C$16,Plan!$F$9)*L13),(Plan!$C$9+Plan!$D$9)*Inputs!$C$24/(MIN(B13,Inputs!$C$16)*L13+N13))/Inputs!$C$23,0)*Inputs!$C$23) -> 2 | P13: =IF(J13<>"OK","",ROUNDUP(MAX(Plan!$E$10,Plan!$C$10*Inputs!$C$24/(MIN(B13,Inputs!$C$16,Plan!$F$10)*L13),(Plan!$C$10+Plan!$D$10)*Inputs!$C$24/(MIN(B13,Inputs!$C$16)*L13+M13))/Inputs!$C$23,0)*Inputs!$C$23) -> 2 | Q13: =IF(J13<>"OK","",ROUNDUP(MAX(Plan!$E$11,Plan!$C$11*Inputs!$C$24/(MIN(B13,Inputs!$C$16,Plan!$F$11)*L13),(Plan!$C$11+Plan!$D$11)*Inputs!$C$24/(MIN(B13,Inputs!$C$16)*L13+M13))/Inputs!$C$23,0)*Inputs!$C$23) -> 1 | R13: =IF(J13<>"OK","",ROUNDUP(MAX(Plan!$E$12,Plan!$C$12*Inputs!$C$24/(MIN(B13,Inputs!$C$16,Plan!$F$12)*L13),(Plan!$C$12+Plan!$D$12)*Inputs!$C$24/(MIN(B13,Inputs!$C$16)*L13+M13))/Inputs!$C$23,0)*Inputs!$C$23) -> 1 | S13: =IF(J13<>"OK","",ROUNDUP(MAX(Plan!$E$13,Plan!$C$13*Inputs!$C$24/(MIN(B13,Inputs!$C$16,Plan!$F$13)*L13),(Plan!$C$13+Plan!$D$13)*Inputs!$C$24/(MIN(B13,Inputs!$C$16)*L13+M13))/Inputs!$C$23,0)*Inputs!$C$23) -> 1.5 | T13: =IF(J13<>"OK","",ROUNDUP(MAX(Plan!$E$14,Plan!$C$14*Inputs!$C$24/(MIN(B13,Inputs!$C$16,Plan!$F$14)*L13),(Plan!$C$14+Plan!$D$14)*Inputs!$C$24/(MIN(B13,Inputs!$C$16)*L13+M13))/Inputs!$C$23,0)*Inputs!$C$23) -> 1.5 | U13: =IF(J13<>"OK","",ROUNDUP(MAX(Plan!$E$15,Plan!$C$15*Inputs!$C$24/(MIN(B13,Inputs!$C$16,Plan!$F$15)*L13),(Plan!$C$15+Plan!$D$15)*Inputs!$C$24/(MIN(B13,Inputs!$C$16)*L13+M13))/Inputs!$C$23,0)*Inputs!$C$23) -> 2.5 | V13: =IF(J13<>"OK","",ROUNDUP(MAX(Plan!$E$16,Plan!$C$16*Inputs!$C$24/(MIN(B13,Inputs!$C$16,Plan!$F$16)*L13),(Plan!$C$16+Plan!$D$16)*Inputs!$C$24/(MIN(B13,Inputs!$C$16)*L13+M13))/Inputs!$C$23,0)*Inputs!$C$23) -> 1.5 | W13: =IF(J13<>"OK","",ROUNDUP(MAX(Plan!$E$17,Plan!$C$17*Inputs!$C$24/(MIN(B13,Inputs!$C$16,Plan!$F$17)*L13),(Plan!$C$17+Plan!$D$17)*Inputs!$C$24/(MIN(B13,Inputs!$C$16)*L13+M13))/Inputs!$C$23,0)*Inputs!$C$23) -> 2
A14: =D14&" developers" -> 3 developers | B14: 1 | C14: 2 | D14: =B14+C14 -> 3 | E14: =IF(J14<>"OK","",SUM(O14:S14)+SUM(Plan!$G$9:$G$13)) -> 12 | F14: =IF(J14<>"OK","",SUM(O14:W14)+SUM(Plan!$G$9:$G$17)) -> 24.5 | G14: =IF(F14="","",F14+Inputs!$C$22) -> 26.5 | H14: =IF(F14="","",F14*Inputs!$C$8*(B14*Inputs!$C$9+C14*Inputs!$C$10)) -> 2940 | I14: Mentoring is deducted before expert-critical capacity is calculated. | J14: =IF(OR(Inputs!$C$32<>"OK",B14<1,B14<>INT(B14),C14<0,C14<>INT(C14),K14<=0,COUNTIF(Plan!$T$9:$T$17,"BLOCKED")>0),"BLOCKED","OK") -> OK | K14: =MAX(0,B14*Inputs!$C$8*Inputs!$C$9*Inputs!$C$12-C14*Inputs!$C$10*Inputs!$C$15) -> 22 | L14: =IF(B14>0,K14/B14,0) -> 22 | M14: =MIN(C14,Inputs!$C$17)*Inputs!$C$29 -> 48 | N14: =MIN(C14,Inputs!$C$17)*Inputs!$C$30 -> 24 | O14: =IF(J14<>"OK","",ROUNDUP(MAX(Plan!$E$9,Plan!$C$9*Inputs!$C$24/(MIN(B14,Inputs!$C$16,Plan!$F$9)*L14),(Plan!$C$9+Plan!$D$9)*Inputs!$C$24/(MIN(B14,Inputs!$C$16)*L14+N14))/Inputs!$C$23,0)*Inputs!$C$23) -> 3 | P14: =IF(J14<>"OK","",ROUNDUP(MAX(Plan!$E$10,Plan!$C$10*Inputs!$C$24/(MIN(B14,Inputs!$C$16,Plan!$F$10)*L14),(Plan!$C$10+Plan!$D$10)*Inputs!$C$24/(MIN(B14,Inputs!$C$16)*L14+M14))/Inputs!$C$23,0)*Inputs!$C$23) -> 3 | Q14: =IF(J14<>"OK","",ROUNDUP(MAX(Plan!$E$11,Plan!$C$11*Inputs!$C$24/(MIN(B14,Inputs!$C$16,Plan!$F$11)*L14),(Plan!$C$11+Plan!$D$11)*Inputs!$C$24/(MIN(B14,Inputs!$C$16)*L14+M14))/Inputs!$C$23,0)*Inputs!$C$23) -> 1.5 | R14: =IF(J14<>"OK","",ROUNDUP(MAX(Plan!$E$12,Plan!$C$12*Inputs!$C$24/(MIN(B14,Inputs!$C$16,Plan!$F$12)*L14),(Plan!$C$12+Plan!$D$12)*Inputs!$C$24/(MIN(B14,Inputs!$C$16)*L14+M14))/Inputs!$C$23,0)*Inputs!$C$23) -> 1.5 | S14: =IF(J14<>"OK","",ROUNDUP(MAX(Plan!$E$13,Plan!$C$13*Inputs!$C$24/(MIN(B14,Inputs!$C$16,Plan!$F$13)*L14),(Plan!$C$13+Plan!$D$13)*Inputs!$C$24/(MIN(B14,Inputs!$C$16)*L14+M14))/Inputs!$C$23,0)*Inputs!$C$23) -> 3 | T14: =IF(J14<>"OK","",ROUNDUP(MAX(Plan!$E$14,Plan!$C$14*Inputs!$C$24/(MIN(B14,Inputs!$C$16,Plan!$F$14)*L14),(Plan!$C$14+Plan!$D$14)*Inputs!$C$24/(MIN(B14,Inputs!$C$16)*L14+M14))/Inputs!$C$23,0)*Inputs!$C$23) -> 3 | U14: =IF(J14<>"OK","",ROUNDUP(MAX(Plan!$E$15,Plan!$C$15*Inputs!$C$24/(MIN(B14,Inputs!$C$16,Plan!$F$15)*L14),(Plan!$C$15+Plan!$D$15)*Inputs!$C$24/(MIN(B14,Inputs!$C$16)*L14+M14))/Inputs!$C$23,0)*Inputs!$C$23) -> 4 | V14: =IF(J14<>"OK","",ROUNDUP(MAX(Plan!$E$16,Plan!$C$16*Inputs!$C$24/(MIN(B14,Inputs!$C$16,Plan!$F$16)*L14),(Plan!$C$16+Plan!$D$16)*Inputs!$C$24/(MIN(B14,Inputs!$C$16)*L14+M14))/Inputs!$C$23,0)*Inputs!$C$23) -> 2.5 | W14: =IF(J14<>"OK","",ROUNDUP(MAX(Plan!$E$17,Plan!$C$17*Inputs!$C$24/(MIN(B14,Inputs!$C$16,Plan!$F$17)*L14),(Plan!$C$17+Plan!$D$17)*Inputs!$C$24/(MIN(B14,Inputs!$C$16)*L14+M14))/Inputs!$C$23,0)*Inputs!$C$23) -> 3
A17: HOW TO READ THE COMPARISON
A18: Dates and staffed hours are calculated; scope, quality gates and the selected idea are not automatically changed. These are planning forecasts, not measured productivity or a promise that all experienced developers have interchangeable skills.
A21: To model 2 -> 3 developers in the active plan: set Inputs!C5 to 3 and leave Inputs!C6 at 1. To add a junior instead, set both total developers and junior count. Review the role mix, not only the total.
A24: The model applies one team from the planning start. It does not model mid-project joining dates or actual progress. For an in-flight reforecast, save a baseline copy and review remaining work and capacity with the senior lead.

Sheet Guide
A1: Read me | model and sources
A3: The workbook is the single source for changing resources, forecast dates and the management report.
A5: USE THE WORKBOOK
A6: Change the team | B6: Inputs!C5 = total developers; C6 = juniors. Experienced count is calculated. Example: 3 total and 1 junior means 2 experienced developers.
A8: Review capacity | B8: Check allocation, accepted-work rates and mentoring. Defaults reproduce the v1.0 assumptions: 28 experienced hours/week; junior 12 in recovery and 24 after recovery.
A10: Review forecast | B10: Report shows milestones, schedule variance and allocated hours. Plan shows phase calculations. Scenarios compares role mixes without changing the active plan.
A12: Edit the estimate | B12: Plan blue cells change work, minimum duration, critical lead slots and waits. Inputs!C24 applies one work multiplier. Save a baseline copy before changing estimates.
A14: Share the report | B14: Print the Report tab or use it during the meeting. Excel formulas update without macros or scripts. The .md and .docx contain stable idea/detail, not a synchronized date snapshot.
A17: WHAT THE MODEL DOES
A18: Capacity | B18: Experienced pool = people x paid hours x allocation x usable-time rate minus allocated-junior mentoring. Split mentoring evenly across the experienced pool.
A20: Work assignment | B20: Expert-only work cannot be delegated to juniors. Support work may be done by juniors or spare experienced capacity; total work is counted once.
A22: Duration | B22: For each phase, take MAX(minimum weeks, expert work / expert critical capacity, all work / combined capacity). Multiply work by the estimate factor and round up to the selected step.
A24: Sequence and waits | B24: Phases are sequential. Roles may work together within a phase. Waiting weeks are added before that phase; the team is assumed allocated through waits and reserve.
A26: Scope and limits | B26: No automatic feature removal, gate pass or initiative switch. No holiday calendar, individual join dates, actual-progress tracking, overtime or independent assurance. Larger teams require a lead review of parallel-work caps.
A29: TRACEABILITY AND APPROVAL
A30: Planning source [P1] | B30: SDV_Telematics_Vehicle_Status_AAOS_First_Plan_Revision_EN.md: AAOS-first baseline, core separation, mapping/cloud substitutions, S1-S6 and claim limits.
A32: Resource source [P2] | B32: SDV_Vehicle_Status_DAR_EN_v1_0_One_Senior_One_Junior.md: sections 20 and 20B supply the capacity assumptions and 476 expert / 352 junior-work hours. Sections 2A-3A supply the Automotive alternatives.
A34: Model additions | B34: Phase W5-W6 split equally for the Gate B checkpoint. Junior work becomes a shared-work pool. Phase floors, contributor caps, rounding, scenario staffing and wait controls are editable modeling assumptions, not measured facts.
A36: Baseline reconciliation | B36: Default inputs yield recovery week 2, core Gate B week 5, reduced demo week 8, full MVP week 18 and reserve endpoint week 20. These reconcile to the prior proposal; they are not approved dates.
A38: Approvals still needed | B38: Sponsor confirms objective, people, start, capacity and funding. Senior validates workload, skills, semantics, security and gate evidence. Re-estimate after recovery; record accepted deviations.
